activation,add_noise,anomaly_ratio,auxi_batch_size,auxi_lambda,auxi_loss,auxi_mode,auxi_type,batch_size,c_out,channel_independence,checkpoints,cutoff_freq_percentage,d_ff,d_layers,d_model,data,data_id,data_path,data_percentage,dec_in,des,deterministic,devices,distil,dropout,e_layers,embed,enc_in,extra_metrics,factor,features,first_order,fix_seed,freq,gpu,inner_lr,inverse,is_training,itr,label_len,learning_rate,leg_degree,log_path,loss,lr_decay,lradj,mask_rate,max_norm,meta_inner_steps,meta_lr,meta_optim_type,meta_type,min_lr,mode,model,model_id,model_per_task,module_first,moving_avg,n_heads,noise_amp,noise_freq_percentage,noise_seed,noise_type,num_kernels,num_tasks,num_workers,offload,optim_type,output_attention,output_log,output_pred,output_vis,overlap_ratio,p_hidden_dims,p_hidden_layers,patience,pct_start,pred_len,pretrain_model_path,rec_lambda,reconstruction_type,report_to,rerun,results,root_path,seasonal_patterns,seq_len,step_size,target,task_name,test_batch_size,test_results,thread,top_k,train_epochs,use_amp,use_gpu,use_multi_gpu,verbose,warmup_steps,weighting_type,mae,mse,rmse,mape,mspe,mre,exp_dir
gelu,False,0.25,1024,0.0,MAE,fft,complex,16,321,0,/mnt/tidalfs-bdsz01/dataset/llm_ckpt/plc_data/FreDF/results/baselines/iTransformer_ECL_96_1.0_0.0_0.0005_type1_10_3_16/checkpoints/,0.06,512,1,512,custom,ECL,electricity.csv,1.0,321,iTransformer,0,"0,1,2,3",True,0.1,3,timeF,321,[],3,M,1,2023,h,0,0.0005,False,1,1,48,0.0005,2,/mnt/tidalfs-bdsz01/dataset/llm_ckpt/plc_data/FreDF/results/baselines/iTransformer_ECL_96_1.0_0.0_0.0005_type1_10_3_16/result_long_term_forecast.txt,MSE,0.5,type1,0.25,1.0,1,0.0005,sgd,all,1e-06,0,iTransformer,ECL_96_96,0,1,25,8,1,0.05,2023,sin,6,5,10,0,adam,False,False,False,False,0.15,"[128, 128]",2,3,0.2,96,,1.0,imputation,local,0,/mnt/tidalfs-bdsz01/dataset/llm_ckpt/plc_data/FreDF/results/baselines/iTransformer_ECL_96_1.0_0.0_0.0005_type1_10_3_16/results/,/mnt/tidalfs-bdsz01/usr/panlicheng/dataset/electricity/,Monthly,96,1,OT,long_term_forecast,1,/mnt/tidalfs-bdsz01/dataset/llm_ckpt/plc_data/FreDF/results/baselines/iTransformer_ECL_96_1.0_0.0_0.0005_type1_10_3_16/test_results/,1,5,10,False,True,False,0,20,softmax,0.24129876494407654,0.14977972209453583,0.38701385259628296,2.524125576019287,658142.3125,2.524125576019287,/mnt/tidalfs-bdsz01/dataset/llm_ckpt/plc_data/FreDF/results/baselines/iTransformer_ECL_96_1.0_0.0_0.0005_type1_10_3_16
gelu,False,0.25,1024,0.0,MAE,fft,complex,16,321,0,/mnt/tidalfs-bdsz01/dataset/llm_ckpt/plc_data/FreDF/results/baselines/iTransformer_ECL_192_1.0_0.0_0.0005_type1_10_3_16/checkpoints/,0.06,512,1,512,custom,ECL,electricity.csv,1.0,321,iTransformer,0,"0,1,2,3",True,0.1,3,timeF,321,[],3,M,1,2023,h,0,0.0005,False,1,1,48,0.0005,2,/mnt/tidalfs-bdsz01/dataset/llm_ckpt/plc_data/FreDF/results/baselines/iTransformer_ECL_192_1.0_0.0_0.0005_type1_10_3_16/result_long_term_forecast.txt,MSE,0.5,type1,0.25,1.0,1,0.0005,sgd,all,1e-06,0,iTransformer,ECL_96_192,0,1,25,8,1,0.05,2023,sin,6,5,10,0,adam,False,False,False,False,0.15,"[128, 128]",2,3,0.2,192,,1.0,imputation,local,0,/mnt/tidalfs-bdsz01/dataset/llm_ckpt/plc_data/FreDF/results/baselines/iTransformer_ECL_192_1.0_0.0_0.0005_type1_10_3_16/results/,/mnt/tidalfs-bdsz01/usr/panlicheng/dataset/electricity/,Monthly,96,1,OT,long_term_forecast,1,/mnt/tidalfs-bdsz01/dataset/llm_ckpt/plc_data/FreDF/results/baselines/iTransformer_ECL_192_1.0_0.0_0.0005_type1_10_3_16/test_results/,1,5,10,False,True,False,0,20,softmax,0.2598936855792999,0.1687256544828415,0.4107622802257538,2.691765069961548,682559.3125,2.691765069961548,/mnt/tidalfs-bdsz01/dataset/llm_ckpt/plc_data/FreDF/results/baselines/iTransformer_ECL_192_1.0_0.0_0.0005_type1_10_3_16
gelu,False,0.25,1024,0.0,MAE,fft,complex,16,321,0,/mnt/tidalfs-bdsz01/dataset/llm_ckpt/plc_data/FreDF/results/baselines/iTransformer_ECL_336_1.0_0.0_0.0005_type1_10_3_16/checkpoints/,0.06,512,1,512,custom,ECL,electricity.csv,1.0,321,iTransformer,0,"0,1,2,3",True,0.1,3,timeF,321,[],3,M,1,2023,h,0,0.0005,False,1,1,48,0.0005,2,/mnt/tidalfs-bdsz01/dataset/llm_ckpt/plc_data/FreDF/results/baselines/iTransformer_ECL_336_1.0_0.0_0.0005_type1_10_3_16/result_long_term_forecast.txt,MSE,0.5,type1,0.25,1.0,1,0.0005,sgd,all,1e-06,0,iTransformer,ECL_96_336,0,1,25,8,1,0.05,2023,sin,6,5,10,0,adam,False,False,False,False,0.15,"[128, 128]",2,3,0.2,336,,1.0,imputation,local,0,/mnt/tidalfs-bdsz01/dataset/llm_ckpt/plc_data/FreDF/results/baselines/iTransformer_ECL_336_1.0_0.0_0.0005_type1_10_3_16/results/,/mnt/tidalfs-bdsz01/usr/panlicheng/dataset/electricity/,Monthly,96,1,OT,long_term_forecast,1,/mnt/tidalfs-bdsz01/dataset/llm_ckpt/plc_data/FreDF/results/baselines/iTransformer_ECL_336_1.0_0.0_0.0005_type1_10_3_16/test_results/,1,5,10,False,True,False,0,20,softmax,0.27211838960647583,0.17954446375370026,0.423726886510849,2.7203214168548584,609929.75,2.7203214168548584,/mnt/tidalfs-bdsz01/dataset/llm_ckpt/plc_data/FreDF/results/baselines/iTransformer_ECL_336_1.0_0.0_0.0005_type1_10_3_16
gelu,False,0.25,1024,0.0,MAE,fft,complex,16,321,0,/mnt/tidalfs-bdsz01/dataset/llm_ckpt/plc_data/FreDF/results/baselines/iTransformer_ECL_720_1.0_0.0_0.0005_type1_10_3_16/checkpoints/,0.06,512,1,512,custom,ECL,electricity.csv,1.0,321,iTransformer,0,"0,1,2,3",True,0.1,3,timeF,321,[],3,M,1,2023,h,0,0.0005,False,1,1,48,0.0005,2,/mnt/tidalfs-bdsz01/dataset/llm_ckpt/plc_data/FreDF/results/baselines/iTransformer_ECL_720_1.0_0.0_0.0005_type1_10_3_16/result_long_term_forecast.txt,MSE,0.5,type1,0.25,1.0,1,0.0005,sgd,all,1e-06,0,iTransformer,ECL_96_720,0,1,25,8,1,0.05,2023,sin,6,5,10,0,adam,False,False,False,False,0.15,"[128, 128]",2,3,0.2,720,,1.0,imputation,local,0,/mnt/tidalfs-bdsz01/dataset/llm_ckpt/plc_data/FreDF/results/baselines/iTransformer_ECL_720_1.0_0.0_0.0005_type1_10_3_16/results/,/mnt/tidalfs-bdsz01/usr/panlicheng/dataset/electricity/,Monthly,96,1,OT,long_term_forecast,1,/mnt/tidalfs-bdsz01/dataset/llm_ckpt/plc_data/FreDF/results/baselines/iTransformer_ECL_720_1.0_0.0_0.0005_type1_10_3_16/test_results/,1,5,10,False,True,False,0,20,softmax,0.3012937009334564,0.21253129839897156,0.4610111713409424,3.0639190673828125,910000.0,3.0639190673828125,/mnt/tidalfs-bdsz01/dataset/llm_ckpt/plc_data/FreDF/results/baselines/iTransformer_ECL_720_1.0_0.0_0.0005_type1_10_3_16
gelu,False,0.25,1024,0.0,MAE,fft,complex,32,7,0,/mnt/tidalfs-bdsz01/dataset/llm_ckpt/plc_data/FreDF/results/baselines/iTransformer_ETTh1_96_1.0_0.0_0.0005_type1_10_3_32/checkpoints/,0.06,128,1,128,ETTh1,ETTh1,ETTh1.csv,1.0,7,iTransformer,0,"0,1,2,3",True,0.1,2,timeF,7,[],3,M,1,2023,h,0,0.0005,False,1,1,48,0.0005,2,/mnt/tidalfs-bdsz01/dataset/llm_ckpt/plc_data/FreDF/results/baselines/iTransformer_ETTh1_96_1.0_0.0_0.0005_type1_10_3_32/result_long_term_forecast.txt,MSE,0.5,type1,0.25,1.0,1,0.0005,sgd,all,1e-06,0,iTransformer,ETTh1_96_96,0,1,25,8,1,0.05,2023,sin,6,5,10,0,adam,False,False,False,False,0.15,"[128, 128]",2,3,0.2,96,,1.0,imputation,local,0,/mnt/tidalfs-bdsz01/dataset/llm_ckpt/plc_data/FreDF/results/baselines/iTransformer_ETTh1_96_1.0_0.0_0.0005_type1_10_3_32/results/,/mnt/tidalfs-bdsz01/usr/panlicheng/dataset/ETT-small/,Monthly,96,1,OT,long_term_forecast,1,/mnt/tidalfs-bdsz01/dataset/llm_ckpt/plc_data/FreDF/results/baselines/iTransformer_ETTh1_96_1.0_0.0_0.0005_type1_10_3_32/test_results/,1,5,10,False,True,False,0,20,softmax,0.40585094690322876,0.3853972256183624,0.620803713798523,10.213114738464355,49224.5390625,10.213114738464355,/mnt/tidalfs-bdsz01/dataset/llm_ckpt/plc_data/FreDF/results/baselines/iTransformer_ETTh1_96_1.0_0.0_0.0005_type1_10_3_32
gelu,False,0.25,1024,0.0,MAE,fft,complex,32,7,0,/mnt/tidalfs-bdsz01/dataset/llm_ckpt/plc_data/FreDF/results/baselines/iTransformer_ETTh1_192_1.0_0.0_0.0005_type1_10_3_32/checkpoints/,0.06,128,1,128,ETTh1,ETTh1,ETTh1.csv,1.0,7,iTransformer,0,"0,1,2,3",True,0.1,2,timeF,7,[],3,M,1,2023,h,0,0.0005,False,1,1,48,0.0005,2,/mnt/tidalfs-bdsz01/dataset/llm_ckpt/plc_data/FreDF/results/baselines/iTransformer_ETTh1_192_1.0_0.0_0.0005_type1_10_3_32/result_long_term_forecast.txt,MSE,0.5,type1,0.25,1.0,1,0.0005,sgd,all,1e-06,0,iTransformer,ETTh1_96_192,0,1,25,8,1,0.05,2023,sin,6,5,10,0,adam,False,False,False,False,0.15,"[128, 128]",2,3,0.2,192,,1.0,imputation,local,0,/mnt/tidalfs-bdsz01/dataset/llm_ckpt/plc_data/FreDF/results/baselines/iTransformer_ETTh1_192_1.0_0.0_0.0005_type1_10_3_32/results/,/mnt/tidalfs-bdsz01/usr/panlicheng/dataset/ETT-small/,Monthly,96,1,OT,long_term_forecast,1,/mnt/tidalfs-bdsz01/dataset/llm_ckpt/plc_data/FreDF/results/baselines/iTransformer_ETTh1_192_1.0_0.0_0.0005_type1_10_3_32/test_results/,1,5,10,False,True,False,0,20,softmax,0.43998631834983826,0.4431682527065277,0.6657088398933411,10.015335083007812,39780.40625,10.015335083007812,/mnt/tidalfs-bdsz01/dataset/llm_ckpt/plc_data/FreDF/results/baselines/iTransformer_ETTh1_192_1.0_0.0_0.0005_type1_10_3_32
gelu,False,0.25,1024,0.0,MAE,fft,complex,32,7,0,/mnt/tidalfs-bdsz01/dataset/llm_ckpt/plc_data/FreDF/results/baselines/iTransformer_ETTh1_336_1.0_0.0_0.0005_type1_10_3_32/checkpoints/,0.06,128,1,128,ETTh1,ETTh1,ETTh1.csv,1.0,7,iTransformer,0,"0,1,2,3",True,0.1,2,timeF,7,[],3,M,1,2023,h,0,0.0005,False,1,1,48,0.0005,2,/mnt/tidalfs-bdsz01/dataset/llm_ckpt/plc_data/FreDF/results/baselines/iTransformer_ETTh1_336_1.0_0.0_0.0005_type1_10_3_32/result_long_term_forecast.txt,MSE,0.5,type1,0.25,1.0,1,0.0005,sgd,all,1e-06,0,iTransformer,ETTh1_96_336,0,1,25,8,1,0.05,2023,sin,6,5,10,0,adam,False,False,False,False,0.15,"[128, 128]",2,3,0.2,336,,1.0,imputation,local,0,/mnt/tidalfs-bdsz01/dataset/llm_ckpt/plc_data/FreDF/results/baselines/iTransformer_ETTh1_336_1.0_0.0_0.0005_type1_10_3_32/results/,/mnt/tidalfs-bdsz01/usr/panlicheng/dataset/ETT-small/,Monthly,96,1,OT,long_term_forecast,1,/mnt/tidalfs-bdsz01/dataset/llm_ckpt/plc_data/FreDF/results/baselines/iTransformer_ETTh1_336_1.0_0.0_0.0005_type1_10_3_32/test_results/,1,5,10,False,True,False,0,20,softmax,0.457184374332428,0.479857474565506,0.692717432975769,10.192743301391602,42669.8515625,10.192743301391602,/mnt/tidalfs-bdsz01/dataset/llm_ckpt/plc_data/FreDF/results/baselines/iTransformer_ETTh1_336_1.0_0.0_0.0005_type1_10_3_32
gelu,False,0.25,1024,0.0,MAE,fft,complex,32,7,0,/mnt/tidalfs-bdsz01/dataset/llm_ckpt/plc_data/FreDF/results/baselines/iTransformer_ETTh1_720_1.0_0.0_0.0005_type1_10_3_32/checkpoints/,0.06,128,1,128,ETTh1,ETTh1,ETTh1.csv,1.0,7,iTransformer,0,"0,1,2,3",True,0.1,2,timeF,7,[],3,M,1,2023,h,0,0.0005,False,1,1,48,0.0005,2,/mnt/tidalfs-bdsz01/dataset/llm_ckpt/plc_data/FreDF/results/baselines/iTransformer_ETTh1_720_1.0_0.0_0.0005_type1_10_3_32/result_long_term_forecast.txt,MSE,0.5,type1,0.25,1.0,1,0.0005,sgd,all,1e-06,0,iTransformer,ETTh1_96_720,0,1,25,8,1,0.05,2023,sin,6,5,10,0,adam,False,False,False,False,0.15,"[128, 128]",2,3,0.2,720,,1.0,imputation,local,0,/mnt/tidalfs-bdsz01/dataset/llm_ckpt/plc_data/FreDF/results/baselines/iTransformer_ETTh1_720_1.0_0.0_0.0005_type1_10_3_32/results/,/mnt/tidalfs-bdsz01/usr/panlicheng/dataset/ETT-small/,Monthly,96,1,OT,long_term_forecast,1,/mnt/tidalfs-bdsz01/dataset/llm_ckpt/plc_data/FreDF/results/baselines/iTransformer_ETTh1_720_1.0_0.0_0.0005_type1_10_3_32/test_results/,1,5,10,False,True,False,0,20,softmax,0.48698949813842773,0.49629902839660645,0.7044849395751953,11.795538902282715,53468.0859375,11.795538902282715,/mnt/tidalfs-bdsz01/dataset/llm_ckpt/plc_data/FreDF/results/baselines/iTransformer_ETTh1_720_1.0_0.0_0.0005_type1_10_3_32
gelu,False,0.25,1024,0.0,MAE,fft,complex,32,7,0,/mnt/tidalfs-bdsz01/dataset/llm_ckpt/plc_data/FreDF/results/baselines/iTransformer_ETTh2_96_1.0_0.0_0.0005_type1_10_3_32/checkpoints/,0.06,128,1,128,ETTh2,ETTh2,ETTh2.csv,1.0,7,iTransformer,0,"0,1,2,3",True,0.1,2,timeF,7,[],3,M,1,2023,h,0,0.0005,False,1,1,48,0.0005,2,/mnt/tidalfs-bdsz01/dataset/llm_ckpt/plc_data/FreDF/results/baselines/iTransformer_ETTh2_96_1.0_0.0_0.0005_type1_10_3_32/result_long_term_forecast.txt,MSE,0.5,type1,0.25,1.0,1,0.0005,sgd,all,1e-06,0,iTransformer,ETTh2_96_96,0,1,25,8,1,0.05,2023,sin,6,5,10,0,adam,False,False,False,False,0.15,"[128, 128]",2,3,0.2,96,,1.0,imputation,local,0,/mnt/tidalfs-bdsz01/dataset/llm_ckpt/plc_data/FreDF/results/baselines/iTransformer_ETTh2_96_1.0_0.0_0.0005_type1_10_3_32/results/,/mnt/tidalfs-bdsz01/usr/panlicheng/dataset/ETT-small/,Monthly,96,1,OT,long_term_forecast,1,/mnt/tidalfs-bdsz01/dataset/llm_ckpt/plc_data/FreDF/results/baselines/iTransformer_ETTh2_96_1.0_0.0_0.0005_type1_10_3_32/test_results/,1,5,10,False,True,False,0,20,softmax,0.34924599528312683,0.3013469874858856,0.5489507913589478,1.4453948736190796,437.6837463378906,1.4453948736190796,/mnt/tidalfs-bdsz01/dataset/llm_ckpt/plc_data/FreDF/results/baselines/iTransformer_ETTh2_96_1.0_0.0_0.0005_type1_10_3_32
gelu,False,0.25,1024,0.0,MAE,fft,complex,32,7,0,/mnt/tidalfs-bdsz01/dataset/llm_ckpt/plc_data/FreDF/results/baselines/iTransformer_ETTh2_192_1.0_0.0_0.0005_type1_10_3_32/checkpoints/,0.06,128,1,128,ETTh2,ETTh2,ETTh2.csv,1.0,7,iTransformer,0,"0,1,2,3",True,0.1,2,timeF,7,[],3,M,1,2023,h,0,0.0005,False,1,1,48,0.0005,2,/mnt/tidalfs-bdsz01/dataset/llm_ckpt/plc_data/FreDF/results/baselines/iTransformer_ETTh2_192_1.0_0.0_0.0005_type1_10_3_32/result_long_term_forecast.txt,MSE,0.5,type1,0.25,1.0,1,0.0005,sgd,all,1e-06,0,iTransformer,ETTh2_96_192,0,1,25,8,1,0.05,2023,sin,6,5,10,0,adam,False,False,False,False,0.15,"[128, 128]",2,3,0.2,192,,1.0,imputation,local,0,/mnt/tidalfs-bdsz01/dataset/llm_ckpt/plc_data/FreDF/results/baselines/iTransformer_ETTh2_192_1.0_0.0_0.0005_type1_10_3_32/results/,/mnt/tidalfs-bdsz01/usr/panlicheng/dataset/ETT-small/,Monthly,96,1,OT,long_term_forecast,1,/mnt/tidalfs-bdsz01/dataset/llm_ckpt/plc_data/FreDF/results/baselines/iTransformer_ETTh2_192_1.0_0.0_0.0005_type1_10_3_32/test_results/,1,5,10,False,True,False,0,20,softmax,0.39718443155288696,0.38304251432418823,0.6189042925834656,1.5164533853530884,343.5420837402344,1.5164533853530884,/mnt/tidalfs-bdsz01/dataset/llm_ckpt/plc_data/FreDF/results/baselines/iTransformer_ETTh2_192_1.0_0.0_0.0005_type1_10_3_32
gelu,False,0.25,1024,0.0,MAE,fft,complex,32,7,0,/mnt/tidalfs-bdsz01/dataset/llm_ckpt/plc_data/FreDF/results/baselines/iTransformer_ETTh2_336_1.0_0.0_0.0005_type1_10_3_32/checkpoints/,0.06,128,1,128,ETTh2,ETTh2,ETTh2.csv,1.0,7,iTransformer,0,"0,1,2,3",True,0.1,2,timeF,7,[],3,M,1,2023,h,0,0.0005,False,1,1,48,0.0005,2,/mnt/tidalfs-bdsz01/dataset/llm_ckpt/plc_data/FreDF/results/baselines/iTransformer_ETTh2_336_1.0_0.0_0.0005_type1_10_3_32/result_long_term_forecast.txt,MSE,0.5,type1,0.25,1.0,1,0.0005,sgd,all,1e-06,0,iTransformer,ETTh2_96_336,0,1,25,8,1,0.05,2023,sin,6,5,10,0,adam,False,False,False,False,0.15,"[128, 128]",2,3,0.2,336,,1.0,imputation,local,0,/mnt/tidalfs-bdsz01/dataset/llm_ckpt/plc_data/FreDF/results/baselines/iTransformer_ETTh2_336_1.0_0.0_0.0005_type1_10_3_32/results/,/mnt/tidalfs-bdsz01/usr/panlicheng/dataset/ETT-small/,Monthly,96,1,OT,long_term_forecast,1,/mnt/tidalfs-bdsz01/dataset/llm_ckpt/plc_data/FreDF/results/baselines/iTransformer_ETTh2_336_1.0_0.0_0.0005_type1_10_3_32/test_results/,1,5,10,False,True,False,0,20,softmax,0.4322553277015686,0.4249069392681122,0.6518488526344299,1.7369014024734497,444.5821838378906,1.7369014024734497,/mnt/tidalfs-bdsz01/dataset/llm_ckpt/plc_data/FreDF/results/baselines/iTransformer_ETTh2_336_1.0_0.0_0.0005_type1_10_3_32
gelu,False,0.25,1024,0.0,MAE,fft,complex,32,7,0,/mnt/tidalfs-bdsz01/dataset/llm_ckpt/plc_data/FreDF/results/baselines/iTransformer_ETTh2_720_1.0_0.0_0.0005_type1_10_3_32/checkpoints/,0.06,128,1,128,ETTh2,ETTh2,ETTh2.csv,1.0,7,iTransformer,0,"0,1,2,3",True,0.1,2,timeF,7,[],3,M,1,2023,h,0,0.0005,False,1,1,48,0.0005,2,/mnt/tidalfs-bdsz01/dataset/llm_ckpt/plc_data/FreDF/results/baselines/iTransformer_ETTh2_720_1.0_0.0_0.0005_type1_10_3_32/result_long_term_forecast.txt,MSE,0.5,type1,0.25,1.0,1,0.0005,sgd,all,1e-06,0,iTransformer,ETTh2_96_720,0,1,25,8,1,0.05,2023,sin,6,5,10,0,adam,False,False,False,False,0.15,"[128, 128]",2,3,0.2,720,,1.0,imputation,local,0,/mnt/tidalfs-bdsz01/dataset/llm_ckpt/plc_data/FreDF/results/baselines/iTransformer_ETTh2_720_1.0_0.0_0.0005_type1_10_3_32/results/,/mnt/tidalfs-bdsz01/usr/panlicheng/dataset/ETT-small/,Monthly,96,1,OT,long_term_forecast,1,/mnt/tidalfs-bdsz01/dataset/llm_ckpt/plc_data/FreDF/results/baselines/iTransformer_ETTh2_720_1.0_0.0_0.0005_type1_10_3_32/test_results/,1,5,10,False,True,False,0,20,softmax,0.4494495093822479,0.43607696890830994,0.6603612303733826,1.9911236763000488,596.7213134765625,1.9911236763000488,/mnt/tidalfs-bdsz01/dataset/llm_ckpt/plc_data/FreDF/results/baselines/iTransformer_ETTh2_720_1.0_0.0_0.0005_type1_10_3_32
gelu,False,0.25,1024,0.0,MAE,fft,complex,32,7,0,/mnt/tidalfs-bdsz01/dataset/llm_ckpt/plc_data/FreDF/results/baselines/iTransformer_ETTm1_96_1.0_0.0_0.0005_type1_10_3_32/checkpoints/,0.06,128,1,128,ETTm1,ETTm1,ETTm1.csv,1.0,7,iTransformer,0,"0,1,2,3",True,0.1,2,timeF,7,[],3,M,1,2023,h,0,0.0005,False,1,1,48,0.0005,2,/mnt/tidalfs-bdsz01/dataset/llm_ckpt/plc_data/FreDF/results/baselines/iTransformer_ETTm1_96_1.0_0.0_0.0005_type1_10_3_32/result_long_term_forecast.txt,MSE,0.5,type1,0.25,1.0,1,0.0005,sgd,all,1e-06,0,iTransformer,ETTm1_96_96,0,1,25,8,1,0.05,2023,sin,6,5,10,0,adam,False,False,False,False,0.15,"[128, 128]",2,3,0.2,96,,1.0,imputation,local,0,/mnt/tidalfs-bdsz01/dataset/llm_ckpt/plc_data/FreDF/results/baselines/iTransformer_ETTm1_96_1.0_0.0_0.0005_type1_10_3_32/results/,/mnt/tidalfs-bdsz01/usr/panlicheng/dataset/ETT-small/,Monthly,96,1,OT,long_term_forecast,1,/mnt/tidalfs-bdsz01/dataset/llm_ckpt/plc_data/FreDF/results/baselines/iTransformer_ETTm1_96_1.0_0.0_0.0005_type1_10_3_32/test_results/,1,5,10,False,True,False,0,20,softmax,0.3723120391368866,0.3363519310951233,0.5799585580825806,2.288165807723999,375.6394958496094,2.288165807723999,/mnt/tidalfs-bdsz01/dataset/llm_ckpt/plc_data/FreDF/results/baselines/iTransformer_ETTm1_96_1.0_0.0_0.0005_type1_10_3_32
gelu,False,0.25,1024,0.0,MAE,fft,complex,32,7,0,/mnt/tidalfs-bdsz01/dataset/llm_ckpt/plc_data/FreDF/results/baselines/iTransformer_ETTm1_192_1.0_0.0_0.0005_type1_10_3_32/checkpoints/,0.06,128,1,128,ETTm1,ETTm1,ETTm1.csv,1.0,7,iTransformer,0,"0,1,2,3",True,0.1,2,timeF,7,[],3,M,1,2023,h,0,0.0005,False,1,1,48,0.0005,2,/mnt/tidalfs-bdsz01/dataset/llm_ckpt/plc_data/FreDF/results/baselines/iTransformer_ETTm1_192_1.0_0.0_0.0005_type1_10_3_32/result_long_term_forecast.txt,MSE,0.5,type1,0.25,1.0,1,0.0005,sgd,all,1e-06,0,iTransformer,ETTm1_96_192,0,1,25,8,1,0.05,2023,sin,6,5,10,0,adam,False,False,False,False,0.15,"[128, 128]",2,3,0.2,192,,1.0,imputation,local,0,/mnt/tidalfs-bdsz01/dataset/llm_ckpt/plc_data/FreDF/results/baselines/iTransformer_ETTm1_192_1.0_0.0_0.0005_type1_10_3_32/results/,/mnt/tidalfs-bdsz01/usr/panlicheng/dataset/ETT-small/,Monthly,96,1,OT,long_term_forecast,1,/mnt/tidalfs-bdsz01/dataset/llm_ckpt/plc_data/FreDF/results/baselines/iTransformer_ETTm1_192_1.0_0.0_0.0005_type1_10_3_32/test_results/,1,5,10,False,True,False,0,20,softmax,0.3974932134151459,0.3845241665840149,0.6201001405715942,2.4739012718200684,441.0086669921875,2.4739012718200684,/mnt/tidalfs-bdsz01/dataset/llm_ckpt/plc_data/FreDF/results/baselines/iTransformer_ETTm1_192_1.0_0.0_0.0005_type1_10_3_32
gelu,False,0.25,1024,0.0,MAE,fft,complex,32,7,0,/mnt/tidalfs-bdsz01/dataset/llm_ckpt/plc_data/FreDF/results/baselines/iTransformer_ETTm1_336_1.0_0.0_0.0005_type1_10_3_32/checkpoints/,0.06,128,1,128,ETTm1,ETTm1,ETTm1.csv,1.0,7,iTransformer,0,"0,1,2,3",True,0.1,2,timeF,7,[],3,M,1,2023,h,0,0.0005,False,1,1,48,0.0005,2,/mnt/tidalfs-bdsz01/dataset/llm_ckpt/plc_data/FreDF/results/baselines/iTransformer_ETTm1_336_1.0_0.0_0.0005_type1_10_3_32/result_long_term_forecast.txt,MSE,0.5,type1,0.25,1.0,1,0.0005,sgd,all,1e-06,0,iTransformer,ETTm1_96_336,0,1,25,8,1,0.05,2023,sin,6,5,10,0,adam,False,False,False,False,0.15,"[128, 128]",2,3,0.2,336,,1.0,imputation,local,0,/mnt/tidalfs-bdsz01/dataset/llm_ckpt/plc_data/FreDF/results/baselines/iTransformer_ETTm1_336_1.0_0.0_0.0005_type1_10_3_32/results/,/mnt/tidalfs-bdsz01/usr/panlicheng/dataset/ETT-small/,Monthly,96,1,OT,long_term_forecast,1,/mnt/tidalfs-bdsz01/dataset/llm_ckpt/plc_data/FreDF/results/baselines/iTransformer_ETTm1_336_1.0_0.0_0.0005_type1_10_3_32/test_results/,1,5,10,False,True,False,0,20,softmax,0.42201122641563416,0.423755407333374,0.6509649753570557,2.5150883197784424,444.81396484375,2.5150883197784424,/mnt/tidalfs-bdsz01/dataset/llm_ckpt/plc_data/FreDF/results/baselines/iTransformer_ETTm1_336_1.0_0.0_0.0005_type1_10_3_32
gelu,False,0.25,1024,0.0,MAE,fft,complex,32,7,0,/mnt/tidalfs-bdsz01/dataset/llm_ckpt/plc_data/FreDF/results/baselines/iTransformer_ETTm1_720_1.0_0.0_0.0005_type1_10_3_32/checkpoints/,0.06,128,1,128,ETTm1,ETTm1,ETTm1.csv,1.0,7,iTransformer,0,"0,1,2,3",True,0.1,2,timeF,7,[],3,M,1,2023,h,0,0.0005,False,1,1,48,0.0005,2,/mnt/tidalfs-bdsz01/dataset/llm_ckpt/plc_data/FreDF/results/baselines/iTransformer_ETTm1_720_1.0_0.0_0.0005_type1_10_3_32/result_long_term_forecast.txt,MSE,0.5,type1,0.25,1.0,1,0.0005,sgd,all,1e-06,0,iTransformer,ETTm1_96_720,0,1,25,8,1,0.05,2023,sin,6,5,10,0,adam,False,False,False,False,0.15,"[128, 128]",2,3,0.2,720,,1.0,imputation,local,0,/mnt/tidalfs-bdsz01/dataset/llm_ckpt/plc_data/FreDF/results/baselines/iTransformer_ETTm1_720_1.0_0.0_0.0005_type1_10_3_32/results/,/mnt/tidalfs-bdsz01/usr/panlicheng/dataset/ETT-small/,Monthly,96,1,OT,long_term_forecast,1,/mnt/tidalfs-bdsz01/dataset/llm_ckpt/plc_data/FreDF/results/baselines/iTransformer_ETTm1_720_1.0_0.0_0.0005_type1_10_3_32/test_results/,1,5,10,False,True,False,0,20,softmax,0.4586881399154663,0.48917990922927856,0.6994139552116394,2.767660617828369,543.1729125976562,2.767660617828369,/mnt/tidalfs-bdsz01/dataset/llm_ckpt/plc_data/FreDF/results/baselines/iTransformer_ETTm1_720_1.0_0.0_0.0005_type1_10_3_32
gelu,False,0.25,1024,0.0,MAE,fft,complex,32,7,0,/mnt/tidalfs-bdsz01/dataset/llm_ckpt/plc_data/FreDF/results/baselines/iTransformer_ETTm2_96_1.0_0.0_0.0005_type1_10_3_32/checkpoints/,0.06,128,1,128,ETTm2,ETTm2,ETTm2.csv,1.0,7,iTransformer,0,"0,1,2,3",True,0.1,2,timeF,7,[],3,M,1,2023,h,0,0.0005,False,1,1,48,0.0005,2,/mnt/tidalfs-bdsz01/dataset/llm_ckpt/plc_data/FreDF/results/baselines/iTransformer_ETTm2_96_1.0_0.0_0.0005_type1_10_3_32/result_long_term_forecast.txt,MSE,0.5,type1,0.25,1.0,1,0.0005,sgd,all,1e-06,0,iTransformer,ETTm2_96_96,0,1,25,8,1,0.05,2023,sin,6,5,10,0,adam,False,False,False,False,0.15,"[128, 128]",2,3,0.2,96,,1.0,imputation,local,0,/mnt/tidalfs-bdsz01/dataset/llm_ckpt/plc_data/FreDF/results/baselines/iTransformer_ETTm2_96_1.0_0.0_0.0005_type1_10_3_32/results/,/mnt/tidalfs-bdsz01/usr/panlicheng/dataset/ETT-small/,Monthly,96,1,OT,long_term_forecast,1,/mnt/tidalfs-bdsz01/dataset/llm_ckpt/plc_data/FreDF/results/baselines/iTransformer_ETTm2_96_1.0_0.0_0.0005_type1_10_3_32/test_results/,1,5,10,False,True,False,0,20,softmax,0.26513540744781494,0.18262867629528046,0.4273507595062256,1.1686285734176636,262.3105773925781,1.1686285734176636,/mnt/tidalfs-bdsz01/dataset/llm_ckpt/plc_data/FreDF/results/baselines/iTransformer_ETTm2_96_1.0_0.0_0.0005_type1_10_3_32
gelu,False,0.25,1024,0.0,MAE,fft,complex,32,7,0,/mnt/tidalfs-bdsz01/dataset/llm_ckpt/plc_data/FreDF/results/baselines/iTransformer_ETTm2_192_1.0_0.0_0.0005_type1_10_3_32/checkpoints/,0.06,128,1,128,ETTm2,ETTm2,ETTm2.csv,1.0,7,iTransformer,0,"0,1,2,3",True,0.1,2,timeF,7,[],3,M,1,2023,h,0,0.0005,False,1,1,48,0.0005,2,/mnt/tidalfs-bdsz01/dataset/llm_ckpt/plc_data/FreDF/results/baselines/iTransformer_ETTm2_192_1.0_0.0_0.0005_type1_10_3_32/result_long_term_forecast.txt,MSE,0.5,type1,0.25,1.0,1,0.0005,sgd,all,1e-06,0,iTransformer,ETTm2_96_192,0,1,25,8,1,0.05,2023,sin,6,5,10,0,adam,False,False,False,False,0.15,"[128, 128]",2,3,0.2,192,,1.0,imputation,local,0,/mnt/tidalfs-bdsz01/dataset/llm_ckpt/plc_data/FreDF/results/baselines/iTransformer_ETTm2_192_1.0_0.0_0.0005_type1_10_3_32/results/,/mnt/tidalfs-bdsz01/usr/panlicheng/dataset/ETT-small/,Monthly,96,1,OT,long_term_forecast,1,/mnt/tidalfs-bdsz01/dataset/llm_ckpt/plc_data/FreDF/results/baselines/iTransformer_ETTm2_192_1.0_0.0_0.0005_type1_10_3_32/test_results/,1,5,10,False,True,False,0,20,softmax,0.311132550239563,0.25075143575668335,0.5007508993148804,1.3293941020965576,279.4747009277344,1.3293941020965576,/mnt/tidalfs-bdsz01/dataset/llm_ckpt/plc_data/FreDF/results/baselines/iTransformer_ETTm2_192_1.0_0.0_0.0005_type1_10_3_32
gelu,False,0.25,1024,0.0,MAE,fft,complex,32,7,0,/mnt/tidalfs-bdsz01/dataset/llm_ckpt/plc_data/FreDF/results/baselines/iTransformer_ETTm2_336_1.0_0.0_0.0005_type1_10_3_32/checkpoints/,0.06,128,1,128,ETTm2,ETTm2,ETTm2.csv,1.0,7,iTransformer,0,"0,1,2,3",True,0.1,2,timeF,7,[],3,M,1,2023,h,0,0.0005,False,1,1,48,0.0005,2,/mnt/tidalfs-bdsz01/dataset/llm_ckpt/plc_data/FreDF/results/baselines/iTransformer_ETTm2_336_1.0_0.0_0.0005_type1_10_3_32/result_long_term_forecast.txt,MSE,0.5,type1,0.25,1.0,1,0.0005,sgd,all,1e-06,0,iTransformer,ETTm2_96_336,0,1,25,8,1,0.05,2023,sin,6,5,10,0,adam,False,False,False,False,0.15,"[128, 128]",2,3,0.2,336,,1.0,imputation,local,0,/mnt/tidalfs-bdsz01/dataset/llm_ckpt/plc_data/FreDF/results/baselines/iTransformer_ETTm2_336_1.0_0.0_0.0005_type1_10_3_32/results/,/mnt/tidalfs-bdsz01/usr/panlicheng/dataset/ETT-small/,Monthly,96,1,OT,long_term_forecast,1,/mnt/tidalfs-bdsz01/dataset/llm_ckpt/plc_data/FreDF/results/baselines/iTransformer_ETTm2_336_1.0_0.0_0.0005_type1_10_3_32/test_results/,1,5,10,False,True,False,0,20,softmax,0.35048046708106995,0.3152924180030823,0.5615090727806091,1.4318864345550537,307.65032958984375,1.4318864345550537,/mnt/tidalfs-bdsz01/dataset/llm_ckpt/plc_data/FreDF/results/baselines/iTransformer_ETTm2_336_1.0_0.0_0.0005_type1_10_3_32
gelu,False,0.25,1024,0.0,MAE,fft,complex,32,7,0,/mnt/tidalfs-bdsz01/dataset/llm_ckpt/plc_data/FreDF/results/baselines/iTransformer_ETTm2_720_1.0_0.0_0.0005_type1_10_3_32/checkpoints/,0.06,128,1,128,ETTm2,ETTm2,ETTm2.csv,1.0,7,iTransformer,0,"0,1,2,3",True,0.1,2,timeF,7,[],3,M,1,2023,h,0,0.0005,False,1,1,48,0.0005,2,/mnt/tidalfs-bdsz01/dataset/llm_ckpt/plc_data/FreDF/results/baselines/iTransformer_ETTm2_720_1.0_0.0_0.0005_type1_10_3_32/result_long_term_forecast.txt,MSE,0.5,type1,0.25,1.0,1,0.0005,sgd,all,1e-06,0,iTransformer,ETTm2_96_720,0,1,25,8,1,0.05,2023,sin,6,5,10,0,adam,False,False,False,False,0.15,"[128, 128]",2,3,0.2,720,,1.0,imputation,local,0,/mnt/tidalfs-bdsz01/dataset/llm_ckpt/plc_data/FreDF/results/baselines/iTransformer_ETTm2_720_1.0_0.0_0.0005_type1_10_3_32/results/,/mnt/tidalfs-bdsz01/usr/panlicheng/dataset/ETT-small/,Monthly,96,1,OT,long_term_forecast,1,/mnt/tidalfs-bdsz01/dataset/llm_ckpt/plc_data/FreDF/results/baselines/iTransformer_ETTm2_720_1.0_0.0_0.0005_type1_10_3_32/test_results/,1,5,10,False,True,False,0,20,softmax,0.41005459427833557,0.42012515664100647,0.6481706500053406,1.6397700309753418,401.01531982421875,1.6397700309753418,/mnt/tidalfs-bdsz01/dataset/llm_ckpt/plc_data/FreDF/results/baselines/iTransformer_ETTm2_720_1.0_0.0_0.0005_type1_10_3_32
gelu,False,0.25,1024,0.0,MAE,fft,complex,32,358,0,/mnt/tidalfs-bdsz01/dataset/llm_ckpt/plc_data/FreDF/results/baselines/iTransformer_PEMS03_12_1.0_0.0_0.0005_type1_10_3_32/checkpoints/,0.06,512,1,512,PEMS,PEMS03,PEMS03.npz,1.0,358,iTransformer,0,"0,1,2,3",True,0.1,4,timeF,358,[],3,M,1,2023,h,0,0.0005,False,1,1,48,0.0005,2,/mnt/tidalfs-bdsz01/dataset/llm_ckpt/plc_data/FreDF/results/baselines/iTransformer_PEMS03_12_1.0_0.0_0.0005_type1_10_3_32/result_long_term_forecast.txt,MSE,0.5,type1,0.25,1.0,1,0.0005,sgd,all,1e-06,0,iTransformer,PEMS03_96_12,0,1,25,8,1,0.05,2023,sin,6,5,10,0,adam,False,False,False,False,0.15,"[128, 128]",2,3,0.2,12,,1.0,imputation,local,0,/mnt/tidalfs-bdsz01/dataset/llm_ckpt/plc_data/FreDF/results/baselines/iTransformer_PEMS03_12_1.0_0.0_0.0005_type1_10_3_32/results/,/mnt/tidalfs-bdsz01/usr/panlicheng/dataset/PEMS/,Monthly,96,1,OT,long_term_forecast,1,/mnt/tidalfs-bdsz01/dataset/llm_ckpt/plc_data/FreDF/results/baselines/iTransformer_PEMS03_12_1.0_0.0_0.0005_type1_10_3_32/test_results/,1,5,10,False,True,False,0,20,softmax,0.17902040481567383,0.0720457211136818,0.26841333508491516,1.4410996437072754,7838.330078125,1.4410996437072754,/mnt/tidalfs-bdsz01/dataset/llm_ckpt/plc_data/FreDF/results/baselines/iTransformer_PEMS03_12_1.0_0.0_0.0005_type1_10_3_32
gelu,False,0.25,1024,0.0,MAE,fft,complex,32,358,0,/mnt/tidalfs-bdsz01/dataset/llm_ckpt/plc_data/FreDF/results/baselines/iTransformer_PEMS03_12_1.0_0.0_0.001_type1_10_3_32/checkpoints/,0.06,512,1,512,PEMS,PEMS03,PEMS03.npz,1.0,358,iTransformer,0,"0,1,2,3",True,0.1,4,timeF,358,[],3,M,1,2023,h,0,0.0005,False,1,1,48,0.001,2,/mnt/tidalfs-bdsz01/dataset/llm_ckpt/plc_data/FreDF/results/baselines/iTransformer_PEMS03_12_1.0_0.0_0.001_type1_10_3_32/result_long_term_forecast.txt,MSE,0.5,type1,0.25,1.0,1,0.0005,sgd,all,1e-06,0,iTransformer,PEMS03_96_12,0,1,25,8,1,0.05,2023,sin,6,5,10,0,adam,False,False,False,False,0.15,"[128, 128]",2,3,0.2,12,,1.0,imputation,local,0,/mnt/tidalfs-bdsz01/dataset/llm_ckpt/plc_data/FreDF/results/baselines/iTransformer_PEMS03_12_1.0_0.0_0.001_type1_10_3_32/results/,/mnt/tidalfs-bdsz01/usr/panlicheng/dataset/PEMS/,Monthly,96,1,OT,long_term_forecast,1,/mnt/tidalfs-bdsz01/dataset/llm_ckpt/plc_data/FreDF/results/baselines/iTransformer_PEMS03_12_1.0_0.0_0.001_type1_10_3_32/test_results/,1,5,10,False,True,False,0,20,softmax,0.17605477571487427,0.06997894495725632,0.2645353376865387,1.4218186140060425,7666.06201171875,1.4218186140060425,/mnt/tidalfs-bdsz01/dataset/llm_ckpt/plc_data/FreDF/results/baselines/iTransformer_PEMS03_12_1.0_0.0_0.001_type1_10_3_32
gelu,False,0.25,1024,0.0,MAE,fft,complex,32,358,0,/mnt/tidalfs-bdsz01/dataset/llm_ckpt/plc_data/FreDF/results/baselines/iTransformer_PEMS03_24_1.0_0.0_0.0005_type1_10_3_32/checkpoints/,0.06,512,1,512,PEMS,PEMS03,PEMS03.npz,1.0,358,iTransformer,0,"0,1,2,3",True,0.1,4,timeF,358,[],3,M,1,2023,h,0,0.0005,False,1,1,48,0.0005,2,/mnt/tidalfs-bdsz01/dataset/llm_ckpt/plc_data/FreDF/results/baselines/iTransformer_PEMS03_24_1.0_0.0_0.0005_type1_10_3_32/result_long_term_forecast.txt,MSE,0.5,type1,0.25,1.0,1,0.0005,sgd,all,1e-06,0,iTransformer,PEMS03_96_24,0,1,25,8,1,0.05,2023,sin,6,5,10,0,adam,False,False,False,False,0.15,"[128, 128]",2,3,0.2,24,,1.0,imputation,local,0,/mnt/tidalfs-bdsz01/dataset/llm_ckpt/plc_data/FreDF/results/baselines/iTransformer_PEMS03_24_1.0_0.0_0.0005_type1_10_3_32/results/,/mnt/tidalfs-bdsz01/usr/panlicheng/dataset/PEMS/,Monthly,96,1,OT,long_term_forecast,1,/mnt/tidalfs-bdsz01/dataset/llm_ckpt/plc_data/FreDF/results/baselines/iTransformer_PEMS03_24_1.0_0.0_0.0005_type1_10_3_32/test_results/,1,5,10,False,True,False,0,20,softmax,0.2169729471206665,0.10433965921401978,0.323016494512558,1.6949965953826904,9281.828125,1.6949965953826904,/mnt/tidalfs-bdsz01/dataset/llm_ckpt/plc_data/FreDF/results/baselines/iTransformer_PEMS03_24_1.0_0.0_0.0005_type1_10_3_32
gelu,False,0.25,1024,0.0,MAE,fft,complex,32,358,0,/mnt/tidalfs-bdsz01/dataset/llm_ckpt/plc_data/FreDF/results/baselines/iTransformer_PEMS03_24_1.0_0.0_0.001_type1_10_3_32/checkpoints/,0.06,512,1,512,PEMS,PEMS03,PEMS03.npz,1.0,358,iTransformer,0,"0,1,2,3",True,0.1,4,timeF,358,[],3,M,1,2023,h,0,0.0005,False,1,1,48,0.001,2,/mnt/tidalfs-bdsz01/dataset/llm_ckpt/plc_data/FreDF/results/baselines/iTransformer_PEMS03_24_1.0_0.0_0.001_type1_10_3_32/result_long_term_forecast.txt,MSE,0.5,type1,0.25,1.0,1,0.0005,sgd,all,1e-06,0,iTransformer,PEMS03_96_24,0,1,25,8,1,0.05,2023,sin,6,5,10,0,adam,False,False,False,False,0.15,"[128, 128]",2,3,0.2,24,,1.0,imputation,local,0,/mnt/tidalfs-bdsz01/dataset/llm_ckpt/plc_data/FreDF/results/baselines/iTransformer_PEMS03_24_1.0_0.0_0.001_type1_10_3_32/results/,/mnt/tidalfs-bdsz01/usr/panlicheng/dataset/PEMS/,Monthly,96,1,OT,long_term_forecast,1,/mnt/tidalfs-bdsz01/dataset/llm_ckpt/plc_data/FreDF/results/baselines/iTransformer_PEMS03_24_1.0_0.0_0.001_type1_10_3_32/test_results/,1,5,10,False,True,False,0,20,softmax,0.2123364359140396,0.10016551613807678,0.3164893686771393,1.6890413761138916,9259.009765625,1.6890413761138916,/mnt/tidalfs-bdsz01/dataset/llm_ckpt/plc_data/FreDF/results/baselines/iTransformer_PEMS03_24_1.0_0.0_0.001_type1_10_3_32
gelu,False,0.25,1024,0.0,MAE,fft,complex,32,358,0,/mnt/tidalfs-bdsz01/dataset/llm_ckpt/plc_data/FreDF/results/baselines/iTransformer_PEMS03_36_1.0_0.0_0.0005_type1_10_3_32/checkpoints/,0.06,512,1,512,PEMS,PEMS03,PEMS03.npz,1.0,358,iTransformer,0,"0,1,2,3",True,0.1,4,timeF,358,[],3,M,1,2023,h,0,0.0005,False,1,1,48,0.0005,2,/mnt/tidalfs-bdsz01/dataset/llm_ckpt/plc_data/FreDF/results/baselines/iTransformer_PEMS03_36_1.0_0.0_0.0005_type1_10_3_32/result_long_term_forecast.txt,MSE,0.5,type1,0.25,1.0,1,0.0005,sgd,all,1e-06,0,iTransformer,PEMS03_96_36,0,1,25,8,1,0.05,2023,sin,6,5,10,0,adam,False,False,False,False,0.15,"[128, 128]",2,3,0.2,36,,1.0,imputation,local,0,/mnt/tidalfs-bdsz01/dataset/llm_ckpt/plc_data/FreDF/results/baselines/iTransformer_PEMS03_36_1.0_0.0_0.0005_type1_10_3_32/results/,/mnt/tidalfs-bdsz01/usr/panlicheng/dataset/PEMS/,Monthly,96,1,OT,long_term_forecast,1,/mnt/tidalfs-bdsz01/dataset/llm_ckpt/plc_data/FreDF/results/baselines/iTransformer_PEMS03_36_1.0_0.0_0.0005_type1_10_3_32/test_results/,1,5,10,False,True,False,0,20,softmax,0.2516210377216339,0.1384885460138321,0.372140496969223,1.8979204893112183,11439.943359375,1.8979204893112183,/mnt/tidalfs-bdsz01/dataset/llm_ckpt/plc_data/FreDF/results/baselines/iTransformer_PEMS03_36_1.0_0.0_0.0005_type1_10_3_32
gelu,False,0.25,1024,0.0,MAE,fft,complex,32,358,0,/mnt/tidalfs-bdsz01/dataset/llm_ckpt/plc_data/FreDF/results/baselines/iTransformer_PEMS03_36_1.0_0.0_0.001_type1_10_3_32/checkpoints/,0.06,512,1,512,PEMS,PEMS03,PEMS03.npz,1.0,358,iTransformer,0,"0,1,2,3",True,0.1,4,timeF,358,[],3,M,1,2023,h,0,0.0005,False,1,1,48,0.001,2,/mnt/tidalfs-bdsz01/dataset/llm_ckpt/plc_data/FreDF/results/baselines/iTransformer_PEMS03_36_1.0_0.0_0.001_type1_10_3_32/result_long_term_forecast.txt,MSE,0.5,type1,0.25,1.0,1,0.0005,sgd,all,1e-06,0,iTransformer,PEMS03_96_36,0,1,25,8,1,0.05,2023,sin,6,5,10,0,adam,False,False,False,False,0.15,"[128, 128]",2,3,0.2,36,,1.0,imputation,local,0,/mnt/tidalfs-bdsz01/dataset/llm_ckpt/plc_data/FreDF/results/baselines/iTransformer_PEMS03_36_1.0_0.0_0.001_type1_10_3_32/results/,/mnt/tidalfs-bdsz01/usr/panlicheng/dataset/PEMS/,Monthly,96,1,OT,long_term_forecast,1,/mnt/tidalfs-bdsz01/dataset/llm_ckpt/plc_data/FreDF/results/baselines/iTransformer_PEMS03_36_1.0_0.0_0.001_type1_10_3_32/test_results/,1,5,10,False,True,False,0,20,softmax,0.2470598667860031,0.13319747149944305,0.36496227979660034,1.9023699760437012,11554.380859375,1.9023699760437012,/mnt/tidalfs-bdsz01/dataset/llm_ckpt/plc_data/FreDF/results/baselines/iTransformer_PEMS03_36_1.0_0.0_0.001_type1_10_3_32
gelu,False,0.25,1024,0.0,MAE,fft,complex,32,358,0,/mnt/tidalfs-bdsz01/dataset/llm_ckpt/plc_data/FreDF/results/baselines/iTransformer_PEMS03_48_1.0_0.0_0.0005_type1_10_3_32/checkpoints/,0.06,512,1,512,PEMS,PEMS03,PEMS03.npz,1.0,358,iTransformer,0,"0,1,2,3",True,0.1,4,timeF,358,[],3,M,1,2023,h,0,0.0005,False,1,1,48,0.0005,2,/mnt/tidalfs-bdsz01/dataset/llm_ckpt/plc_data/FreDF/results/baselines/iTransformer_PEMS03_48_1.0_0.0_0.0005_type1_10_3_32/result_long_term_forecast.txt,MSE,0.5,type1,0.25,1.0,1,0.0005,sgd,all,1e-06,0,iTransformer,PEMS03_96_48,0,1,25,8,1,0.05,2023,sin,6,5,10,0,adam,False,False,False,False,0.15,"[128, 128]",2,3,0.2,48,,1.0,imputation,local,0,/mnt/tidalfs-bdsz01/dataset/llm_ckpt/plc_data/FreDF/results/baselines/iTransformer_PEMS03_48_1.0_0.0_0.0005_type1_10_3_32/results/,/mnt/tidalfs-bdsz01/usr/panlicheng/dataset/PEMS/,Monthly,96,1,OT,long_term_forecast,1,/mnt/tidalfs-bdsz01/dataset/llm_ckpt/plc_data/FreDF/results/baselines/iTransformer_PEMS03_48_1.0_0.0_0.0005_type1_10_3_32/test_results/,1,5,10,False,True,False,0,20,softmax,0.28613731265068054,0.17448295652866364,0.4177115857601166,2.0575478076934814,11991.515625,2.0575478076934814,/mnt/tidalfs-bdsz01/dataset/llm_ckpt/plc_data/FreDF/results/baselines/iTransformer_PEMS03_48_1.0_0.0_0.0005_type1_10_3_32
gelu,False,0.25,1024,0.0,MAE,fft,complex,32,358,0,/mnt/tidalfs-bdsz01/dataset/llm_ckpt/plc_data/FreDF/results/baselines/iTransformer_PEMS03_48_1.0_0.0_0.001_type1_10_3_32/checkpoints/,0.06,512,1,512,PEMS,PEMS03,PEMS03.npz,1.0,358,iTransformer,0,"0,1,2,3",True,0.1,4,timeF,358,[],3,M,1,2023,h,0,0.0005,False,1,1,48,0.001,2,/mnt/tidalfs-bdsz01/dataset/llm_ckpt/plc_data/FreDF/results/baselines/iTransformer_PEMS03_48_1.0_0.0_0.001_type1_10_3_32/result_long_term_forecast.txt,MSE,0.5,type1,0.25,1.0,1,0.0005,sgd,all,1e-06,0,iTransformer,PEMS03_96_48,0,1,25,8,1,0.05,2023,sin,6,5,10,0,adam,False,False,False,False,0.15,"[128, 128]",2,3,0.2,48,,1.0,imputation,local,0,/mnt/tidalfs-bdsz01/dataset/llm_ckpt/plc_data/FreDF/results/baselines/iTransformer_PEMS03_48_1.0_0.0_0.001_type1_10_3_32/results/,/mnt/tidalfs-bdsz01/usr/panlicheng/dataset/PEMS/,Monthly,96,1,OT,long_term_forecast,1,/mnt/tidalfs-bdsz01/dataset/llm_ckpt/plc_data/FreDF/results/baselines/iTransformer_PEMS03_48_1.0_0.0_0.001_type1_10_3_32/test_results/,1,5,10,False,True,False,0,20,softmax,0.2790449857711792,0.1685720980167389,0.41057533025741577,2.0466766357421875,12557.9052734375,2.0466766357421875,/mnt/tidalfs-bdsz01/dataset/llm_ckpt/plc_data/FreDF/results/baselines/iTransformer_PEMS03_48_1.0_0.0_0.001_type1_10_3_32
gelu,False,0.25,1024,0.0,MAE,fft,complex,32,170,0,/mnt/tidalfs-bdsz01/dataset/llm_ckpt/plc_data/FreDF/results/baselines/iTransformer_PEMS08_12_1.0_0.0_0.0005_type1_10_3_32/checkpoints/,0.06,512,1,512,PEMS,PEMS08,PEMS08.npz,1.0,170,iTransformer,0,"0,1,2,3",True,0.1,3,timeF,170,[],3,M,1,2023,h,0,0.0005,False,1,1,48,0.0005,2,/mnt/tidalfs-bdsz01/dataset/llm_ckpt/plc_data/FreDF/results/baselines/iTransformer_PEMS08_12_1.0_0.0_0.0005_type1_10_3_32/result_long_term_forecast.txt,MSE,0.5,type1,0.25,1.0,1,0.0005,sgd,all,1e-06,0,iTransformer,PEMS08_96_12,0,1,25,8,1,0.05,2023,sin,6,5,10,0,adam,False,False,False,False,0.15,"[128, 128]",2,3,0.2,12,,1.0,imputation,local,0,/mnt/tidalfs-bdsz01/dataset/llm_ckpt/plc_data/FreDF/results/baselines/iTransformer_PEMS08_12_1.0_0.0_0.0005_type1_10_3_32/results/,/mnt/tidalfs-bdsz01/usr/panlicheng/dataset/PEMS/,Monthly,96,1,OT,long_term_forecast,1,/mnt/tidalfs-bdsz01/dataset/llm_ckpt/plc_data/FreDF/results/baselines/iTransformer_PEMS08_12_1.0_0.0_0.0005_type1_10_3_32/test_results/,1,5,10,False,True,False,0,20,softmax,0.1859486699104309,0.0830279067158699,0.28814563155174255,1.628606915473938,5696.21044921875,1.628606915473938,/mnt/tidalfs-bdsz01/dataset/llm_ckpt/plc_data/FreDF/results/baselines/iTransformer_PEMS08_12_1.0_0.0_0.0005_type1_10_3_32
gelu,False,0.25,1024,0.0,MAE,fft,complex,32,170,0,/mnt/tidalfs-bdsz01/dataset/llm_ckpt/plc_data/FreDF/results/baselines/iTransformer_PEMS08_24_1.0_0.0_0.0005_type1_10_3_32/checkpoints/,0.06,512,1,512,PEMS,PEMS08,PEMS08.npz,1.0,170,iTransformer,0,"0,1,2,3",True,0.1,3,timeF,170,[],3,M,1,2023,h,0,0.0005,False,1,1,48,0.0005,2,/mnt/tidalfs-bdsz01/dataset/llm_ckpt/plc_data/FreDF/results/baselines/iTransformer_PEMS08_24_1.0_0.0_0.0005_type1_10_3_32/result_long_term_forecast.txt,MSE,0.5,type1,0.25,1.0,1,0.0005,sgd,all,1e-06,0,iTransformer,PEMS08_96_24,0,1,25,8,1,0.05,2023,sin,6,5,10,0,adam,False,False,False,False,0.15,"[128, 128]",2,3,0.2,24,,1.0,imputation,local,0,/mnt/tidalfs-bdsz01/dataset/llm_ckpt/plc_data/FreDF/results/baselines/iTransformer_PEMS08_24_1.0_0.0_0.0005_type1_10_3_32/results/,/mnt/tidalfs-bdsz01/usr/panlicheng/dataset/PEMS/,Monthly,96,1,OT,long_term_forecast,1,/mnt/tidalfs-bdsz01/dataset/llm_ckpt/plc_data/FreDF/results/baselines/iTransformer_PEMS08_24_1.0_0.0_0.0005_type1_10_3_32/test_results/,1,5,10,False,True,False,0,20,softmax,0.2269832193851471,0.12318713963031769,0.3509802520275116,1.975098967552185,9381.74609375,1.975098967552185,/mnt/tidalfs-bdsz01/dataset/llm_ckpt/plc_data/FreDF/results/baselines/iTransformer_PEMS08_24_1.0_0.0_0.0005_type1_10_3_32
gelu,False,0.25,1024,0.0,MAE,fft,complex,32,170,0,/mnt/tidalfs-bdsz01/dataset/llm_ckpt/plc_data/FreDF/results/baselines/iTransformer_PEMS08_36_1.0_0.0_0.0005_type1_10_3_32/checkpoints/,0.06,512,1,512,PEMS,PEMS08,PEMS08.npz,1.0,170,iTransformer,0,"0,1,2,3",True,0.1,3,timeF,170,[],3,M,1,2023,h,0,0.0005,False,1,1,48,0.0005,2,/mnt/tidalfs-bdsz01/dataset/llm_ckpt/plc_data/FreDF/results/baselines/iTransformer_PEMS08_36_1.0_0.0_0.0005_type1_10_3_32/result_long_term_forecast.txt,MSE,0.5,type1,0.25,1.0,1,0.0005,sgd,all,1e-06,0,iTransformer,PEMS08_96_36,0,1,25,8,1,0.05,2023,sin,6,5,10,0,adam,False,False,False,False,0.15,"[128, 128]",2,3,0.2,36,,1.0,imputation,local,0,/mnt/tidalfs-bdsz01/dataset/llm_ckpt/plc_data/FreDF/results/baselines/iTransformer_PEMS08_36_1.0_0.0_0.0005_type1_10_3_32/results/,/mnt/tidalfs-bdsz01/usr/panlicheng/dataset/PEMS/,Monthly,96,1,OT,long_term_forecast,1,/mnt/tidalfs-bdsz01/dataset/llm_ckpt/plc_data/FreDF/results/baselines/iTransformer_PEMS08_36_1.0_0.0_0.0005_type1_10_3_32/test_results/,1,5,10,False,True,False,0,20,softmax,0.2667572796344757,0.16862577199935913,0.410640686750412,2.202366352081299,10223.8779296875,2.202366352081299,/mnt/tidalfs-bdsz01/dataset/llm_ckpt/plc_data/FreDF/results/baselines/iTransformer_PEMS08_36_1.0_0.0_0.0005_type1_10_3_32
gelu,False,0.25,1024,0.0,MAE,fft,complex,32,170,0,/mnt/tidalfs-bdsz01/dataset/llm_ckpt/plc_data/FreDF/results/baselines/iTransformer_PEMS08_48_1.0_0.0_0.0005_type1_10_3_32/checkpoints/,0.06,512,1,512,PEMS,PEMS08,PEMS08.npz,1.0,170,iTransformer,0,"0,1,2,3",True,0.1,3,timeF,170,[],3,M,1,2023,h,0,0.0005,False,1,1,48,0.0005,2,/mnt/tidalfs-bdsz01/dataset/llm_ckpt/plc_data/FreDF/results/baselines/iTransformer_PEMS08_48_1.0_0.0_0.0005_type1_10_3_32/result_long_term_forecast.txt,MSE,0.5,type1,0.25,1.0,1,0.0005,sgd,all,1e-06,0,iTransformer,PEMS08_96_48,0,1,25,8,1,0.05,2023,sin,6,5,10,0,adam,False,False,False,False,0.15,"[128, 128]",2,3,0.2,48,,1.0,imputation,local,0,/mnt/tidalfs-bdsz01/dataset/llm_ckpt/plc_data/FreDF/results/baselines/iTransformer_PEMS08_48_1.0_0.0_0.0005_type1_10_3_32/results/,/mnt/tidalfs-bdsz01/usr/panlicheng/dataset/PEMS/,Monthly,96,1,OT,long_term_forecast,1,/mnt/tidalfs-bdsz01/dataset/llm_ckpt/plc_data/FreDF/results/baselines/iTransformer_PEMS08_48_1.0_0.0_0.0005_type1_10_3_32/test_results/,1,5,10,False,True,False,0,20,softmax,0.3061751127243042,0.21845929324626923,0.4673962891101837,2.45908522605896,14510.6572265625,2.45908522605896,/mnt/tidalfs-bdsz01/dataset/llm_ckpt/plc_data/FreDF/results/baselines/iTransformer_PEMS08_48_1.0_0.0_0.0005_type1_10_3_32
gelu,False,0.25,1024,0.0,MAE,fft,complex,8,862,0,/mnt/tidalfs-bdsz01/dataset/llm_ckpt/plc_data/FreDF/results/baselines/iTransformer_Traffic_96_1.0_0.0_0.0005_type1_10_3_8/checkpoints/,0.06,512,1,512,custom,Traffic,traffic.csv,1.0,862,iTransformer,0,"0,1,2,3",True,0.1,4,timeF,862,[],3,M,1,2023,h,0,0.0005,False,1,1,48,0.0005,2,/mnt/tidalfs-bdsz01/dataset/llm_ckpt/plc_data/FreDF/results/baselines/iTransformer_Traffic_96_1.0_0.0_0.0005_type1_10_3_8/result_long_term_forecast.txt,MSE,0.5,type1,0.25,1.0,1,0.0005,sgd,all,1e-06,0,iTransformer,Traffic_96_96,0,1,25,8,1,0.05,2023,sin,6,5,10,0,adam,False,False,False,False,0.15,"[128, 128]",2,3,0.2,96,,1.0,imputation,local,0,/mnt/tidalfs-bdsz01/dataset/llm_ckpt/plc_data/FreDF/results/baselines/iTransformer_Traffic_96_1.0_0.0_0.0005_type1_10_3_8/results/,/mnt/tidalfs-bdsz01/usr/panlicheng/dataset/traffic/,Monthly,96,1,OT,long_term_forecast,1,/mnt/tidalfs-bdsz01/dataset/llm_ckpt/plc_data/FreDF/results/baselines/iTransformer_Traffic_96_1.0_0.0_0.0005_type1_10_3_8/test_results/,1,5,10,False,True,False,0,20,softmax,0.27130138874053955,0.3965361416339874,0.6297111511230469,2.9297292232513428,160196.578125,2.9297292232513428,/mnt/tidalfs-bdsz01/dataset/llm_ckpt/plc_data/FreDF/results/baselines/iTransformer_Traffic_96_1.0_0.0_0.0005_type1_10_3_8
gelu,False,0.25,1024,0.0,MAE,fft,complex,8,862,0,/mnt/tidalfs-bdsz01/dataset/llm_ckpt/plc_data/FreDF/results/baselines/iTransformer_Traffic_192_1.0_0.0_0.0005_type1_10_3_8/checkpoints/,0.06,512,1,512,custom,Traffic,traffic.csv,1.0,862,iTransformer,0,"0,1,2,3",True,0.1,4,timeF,862,[],3,M,1,2023,h,0,0.0005,False,1,1,48,0.0005,2,/mnt/tidalfs-bdsz01/dataset/llm_ckpt/plc_data/FreDF/results/baselines/iTransformer_Traffic_192_1.0_0.0_0.0005_type1_10_3_8/result_long_term_forecast.txt,MSE,0.5,type1,0.25,1.0,1,0.0005,sgd,all,1e-06,0,iTransformer,Traffic_96_192,0,1,25,8,1,0.05,2023,sin,6,5,10,0,adam,False,False,False,False,0.15,"[128, 128]",2,3,0.2,192,,1.0,imputation,local,0,/mnt/tidalfs-bdsz01/dataset/llm_ckpt/plc_data/FreDF/results/baselines/iTransformer_Traffic_192_1.0_0.0_0.0005_type1_10_3_8/results/,/mnt/tidalfs-bdsz01/usr/panlicheng/dataset/traffic/,Monthly,96,1,OT,long_term_forecast,1,/mnt/tidalfs-bdsz01/dataset/llm_ckpt/plc_data/FreDF/results/baselines/iTransformer_Traffic_192_1.0_0.0_0.0005_type1_10_3_8/test_results/,1,5,10,False,True,False,0,20,softmax,0.27879661321640015,0.4154682755470276,0.6445682644844055,2.9490694999694824,143105.046875,2.9490694999694824,/mnt/tidalfs-bdsz01/dataset/llm_ckpt/plc_data/FreDF/results/baselines/iTransformer_Traffic_192_1.0_0.0_0.0005_type1_10_3_8
gelu,False,0.25,1024,0.0,MAE,fft,complex,8,862,0,/mnt/tidalfs-bdsz01/dataset/llm_ckpt/plc_data/FreDF/results/baselines/iTransformer_Traffic_336_1.0_0.0_0.0005_type1_10_3_8/checkpoints/,0.06,512,1,512,custom,Traffic,traffic.csv,1.0,862,iTransformer,0,"0,1,2,3",True,0.1,4,timeF,862,[],3,M,1,2023,h,0,0.0005,False,1,1,48,0.0005,2,/mnt/tidalfs-bdsz01/dataset/llm_ckpt/plc_data/FreDF/results/baselines/iTransformer_Traffic_336_1.0_0.0_0.0005_type1_10_3_8/result_long_term_forecast.txt,MSE,0.5,type1,0.25,1.0,1,0.0005,sgd,all,1e-06,0,iTransformer,Traffic_96_336,0,1,25,8,1,0.05,2023,sin,6,5,10,0,adam,False,False,False,False,0.15,"[128, 128]",2,3,0.2,336,,1.0,imputation,local,0,/mnt/tidalfs-bdsz01/dataset/llm_ckpt/plc_data/FreDF/results/baselines/iTransformer_Traffic_336_1.0_0.0_0.0005_type1_10_3_8/results/,/mnt/tidalfs-bdsz01/usr/panlicheng/dataset/traffic/,Monthly,96,1,OT,long_term_forecast,1,/mnt/tidalfs-bdsz01/dataset/llm_ckpt/plc_data/FreDF/results/baselines/iTransformer_Traffic_336_1.0_0.0_0.0005_type1_10_3_8/test_results/,1,5,10,False,True,False,0,20,softmax,0.28608831763267517,0.43033045530319214,0.655995786190033,2.9777677059173584,144956.359375,2.9777677059173584,/mnt/tidalfs-bdsz01/dataset/llm_ckpt/plc_data/FreDF/results/baselines/iTransformer_Traffic_336_1.0_0.0_0.0005_type1_10_3_8
gelu,False,0.25,1024,0.0,MAE,fft,complex,8,862,0,/mnt/tidalfs-bdsz01/dataset/llm_ckpt/plc_data/FreDF/results/baselines/iTransformer_Traffic_720_1.0_0.0_0.0005_type1_10_3_8/checkpoints/,0.06,512,1,512,custom,Traffic,traffic.csv,1.0,862,iTransformer,0,"0,1,2,3",True,0.1,4,timeF,862,[],3,M,1,2023,h,0,0.0005,False,1,1,48,0.0005,2,/mnt/tidalfs-bdsz01/dataset/llm_ckpt/plc_data/FreDF/results/baselines/iTransformer_Traffic_720_1.0_0.0_0.0005_type1_10_3_8/result_long_term_forecast.txt,MSE,0.5,type1,0.25,1.0,1,0.0005,sgd,all,1e-06,0,iTransformer,Traffic_96_720,0,1,25,8,1,0.05,2023,sin,6,5,10,0,adam,False,False,False,False,0.15,"[128, 128]",2,3,0.2,720,,1.0,imputation,local,0,/mnt/tidalfs-bdsz01/dataset/llm_ckpt/plc_data/FreDF/results/baselines/iTransformer_Traffic_720_1.0_0.0_0.0005_type1_10_3_8/results/,/mnt/tidalfs-bdsz01/usr/panlicheng/dataset/traffic/,Monthly,96,1,OT,long_term_forecast,1,/mnt/tidalfs-bdsz01/dataset/llm_ckpt/plc_data/FreDF/results/baselines/iTransformer_Traffic_720_1.0_0.0_0.0005_type1_10_3_8/test_results/,1,5,10,False,True,False,0,20,softmax,0.30310332775115967,0.4624881148338318,0.6800647974014282,3.0709872245788574,188614.1875,3.0709872245788574,/mnt/tidalfs-bdsz01/dataset/llm_ckpt/plc_data/FreDF/results/baselines/iTransformer_Traffic_720_1.0_0.0_0.0005_type1_10_3_8
gelu,False,0.25,1024,0.0,MAE,fft,complex,32,21,0,/mnt/tidalfs-bdsz01/dataset/llm_ckpt/plc_data/FreDF/results/baselines/iTransformer_Weather_96_1.0_0.0_0.0005_type1_10_3_32/checkpoints/,0.06,512,1,512,custom,Weather,weather.csv,1.0,21,iTransformer,0,"0,1,2,3",True,0.1,3,timeF,21,[],3,M,1,2023,h,0,0.0005,False,1,1,48,0.0005,2,/mnt/tidalfs-bdsz01/dataset/llm_ckpt/plc_data/FreDF/results/baselines/iTransformer_Weather_96_1.0_0.0_0.0005_type1_10_3_32/result_long_term_forecast.txt,MSE,0.5,type1,0.25,1.0,1,0.0005,sgd,all,1e-06,0,iTransformer,Weather_96_96,0,1,25,8,1,0.05,2023,sin,6,5,10,0,adam,False,False,False,False,0.15,"[128, 128]",2,3,0.2,96,,1.0,imputation,local,0,/mnt/tidalfs-bdsz01/dataset/llm_ckpt/plc_data/FreDF/results/baselines/iTransformer_Weather_96_1.0_0.0_0.0005_type1_10_3_32/results/,/mnt/tidalfs-bdsz01/usr/panlicheng/dataset/weather/,Monthly,96,1,OT,long_term_forecast,1,/mnt/tidalfs-bdsz01/dataset/llm_ckpt/plc_data/FreDF/results/baselines/iTransformer_Weather_96_1.0_0.0_0.0005_type1_10_3_32/test_results/,1,5,10,False,True,False,0,20,softmax,0.21948321163654327,0.17892605066299438,0.42299652099609375,2.7363972663879395,95417.1953125,2.7363972663879395,/mnt/tidalfs-bdsz01/dataset/llm_ckpt/plc_data/FreDF/results/baselines/iTransformer_Weather_96_1.0_0.0_0.0005_type1_10_3_32
gelu,False,0.25,1024,0.0,MAE,fft,complex,32,21,0,/mnt/tidalfs-bdsz01/dataset/llm_ckpt/plc_data/FreDF/results/baselines/iTransformer_Weather_192_1.0_0.0_0.0005_type1_10_3_32/checkpoints/,0.06,512,1,512,custom,Weather,weather.csv,1.0,21,iTransformer,0,"0,1,2,3",True,0.1,3,timeF,21,[],3,M,1,2023,h,0,0.0005,False,1,1,48,0.0005,2,/mnt/tidalfs-bdsz01/dataset/llm_ckpt/plc_data/FreDF/results/baselines/iTransformer_Weather_192_1.0_0.0_0.0005_type1_10_3_32/result_long_term_forecast.txt,MSE,0.5,type1,0.25,1.0,1,0.0005,sgd,all,1e-06,0,iTransformer,Weather_96_192,0,1,25,8,1,0.05,2023,sin,6,5,10,0,adam,False,False,False,False,0.15,"[128, 128]",2,3,0.2,192,,1.0,imputation,local,0,/mnt/tidalfs-bdsz01/dataset/llm_ckpt/plc_data/FreDF/results/baselines/iTransformer_Weather_192_1.0_0.0_0.0005_type1_10_3_32/results/,/mnt/tidalfs-bdsz01/usr/panlicheng/dataset/weather/,Monthly,96,1,OT,long_term_forecast,1,/mnt/tidalfs-bdsz01/dataset/llm_ckpt/plc_data/FreDF/results/baselines/iTransformer_Weather_192_1.0_0.0_0.0005_type1_10_3_32/test_results/,1,5,10,False,True,False,0,20,softmax,0.2559494078159332,0.22283169627189636,0.4720505177974701,3.093867063522339,98977.1484375,3.093867063522339,/mnt/tidalfs-bdsz01/dataset/llm_ckpt/plc_data/FreDF/results/baselines/iTransformer_Weather_192_1.0_0.0_0.0005_type1_10_3_32
gelu,False,0.25,1024,0.0,MAE,fft,complex,32,21,0,/mnt/tidalfs-bdsz01/dataset/llm_ckpt/plc_data/FreDF/results/baselines/iTransformer_Weather_336_1.0_0.0_0.0005_type1_10_3_32/checkpoints/,0.06,512,1,512,custom,Weather,weather.csv,1.0,21,iTransformer,0,"0,1,2,3",True,0.1,3,timeF,21,[],3,M,1,2023,h,0,0.0005,False,1,1,48,0.0005,2,/mnt/tidalfs-bdsz01/dataset/llm_ckpt/plc_data/FreDF/results/baselines/iTransformer_Weather_336_1.0_0.0_0.0005_type1_10_3_32/result_long_term_forecast.txt,MSE,0.5,type1,0.25,1.0,1,0.0005,sgd,all,1e-06,0,iTransformer,Weather_96_336,0,1,25,8,1,0.05,2023,sin,6,5,10,0,adam,False,False,False,False,0.15,"[128, 128]",2,3,0.2,336,,1.0,imputation,local,0,/mnt/tidalfs-bdsz01/dataset/llm_ckpt/plc_data/FreDF/results/baselines/iTransformer_Weather_336_1.0_0.0_0.0005_type1_10_3_32/results/,/mnt/tidalfs-bdsz01/usr/panlicheng/dataset/weather/,Monthly,96,1,OT,long_term_forecast,1,/mnt/tidalfs-bdsz01/dataset/llm_ckpt/plc_data/FreDF/results/baselines/iTransformer_Weather_336_1.0_0.0_0.0005_type1_10_3_32/test_results/,1,5,10,False,True,False,0,20,softmax,0.2995818555355072,0.2817641496658325,0.5308145880699158,3.395867347717285,116881.1015625,3.395867347717285,/mnt/tidalfs-bdsz01/dataset/llm_ckpt/plc_data/FreDF/results/baselines/iTransformer_Weather_336_1.0_0.0_0.0005_type1_10_3_32
gelu,False,0.25,1024,0.0,MAE,fft,complex,32,21,0,/mnt/tidalfs-bdsz01/dataset/llm_ckpt/plc_data/FreDF/results/baselines/iTransformer_Weather_720_1.0_0.0_0.0005_type1_10_3_32/checkpoints/,0.06,512,1,512,custom,Weather,weather.csv,1.0,21,iTransformer,0,"0,1,2,3",True,0.1,3,timeF,21,[],3,M,1,2023,h,0,0.0005,False,1,1,48,0.0005,2,/mnt/tidalfs-bdsz01/dataset/llm_ckpt/plc_data/FreDF/results/baselines/iTransformer_Weather_720_1.0_0.0_0.0005_type1_10_3_32/result_long_term_forecast.txt,MSE,0.5,type1,0.25,1.0,1,0.0005,sgd,all,1e-06,0,iTransformer,Weather_96_720,0,1,25,8,1,0.05,2023,sin,6,5,10,0,adam,False,False,False,False,0.15,"[128, 128]",2,3,0.2,720,,1.0,imputation,local,0,/mnt/tidalfs-bdsz01/dataset/llm_ckpt/plc_data/FreDF/results/baselines/iTransformer_Weather_720_1.0_0.0_0.0005_type1_10_3_32/results/,/mnt/tidalfs-bdsz01/usr/panlicheng/dataset/weather/,Monthly,96,1,OT,long_term_forecast,1,/mnt/tidalfs-bdsz01/dataset/llm_ckpt/plc_data/FreDF/results/baselines/iTransformer_Weather_720_1.0_0.0_0.0005_type1_10_3_32/test_results/,1,5,10,False,True,False,0,20,softmax,0.3600427210330963,0.37037286162376404,0.6085826754570007,3.6774137020111084,113796.6796875,3.6774137020111084,/mnt/tidalfs-bdsz01/dataset/llm_ckpt/plc_data/FreDF/results/baselines/iTransformer_Weather_720_1.0_0.0_0.0005_type1_10_3_32
